PAY_ID,RES_ID,PAY_DATE,PAY_AMOUNT,PAY_STATUS
1000,110,,335,Not Paid
1001,111,,371,Not Paid
1002,112,5/24/2024,222,Paid
1003,113,6/17/2024,165,Paid
1004,114,7/28/2024,250,Paid
1005,115,11/2/2024,85,Paid
1006,116,,338,Not Paid
1007,117,3/26/2025,308,Paid
1008,118,4/14/2025,95,Paid
1009,119,,186,Paid
1010,120,6/19/2025,344,Paid
1011,121,9/12/2025,377,Paid
1012,122,10/13/2025,205,Paid
1013,123,,316,Not Paid
1014,124,,397,Not Paid
1015,125,11/29/2025,112,Paid
1016,126,,207,Not Paid
1017,127,,364,Not Paid
1018,128,,157,Not Paid
1019,129,,161,Not Paid
1020,130,,336,Not Paid
1021,131,6/26/2026,222,Paid
1022,132,9/23/2026,380,Paid
1023,133,11/18/2026,116,Paid
1024,134,12/16/2026,371,Paid
1025,135,,106,Not Paid
1026,136,,307,Not Paid
1027,137,7/20/2024,111,Paid
1028,138,10/3/2024,326,Paid
1029,139,,390,Not Paid
1030,140,,268,Not Paid
1031,141,,192,Not Paid
1032,142,,198,Not Paid
1033,143,5/10/2025,166,Paid
1034,144,,371,Not Paid
1035,145,6/25/2025,192,Paid
1036,146,,109,Not Paid
1037,147,,226,Not Paid
1038,148,7/29/2025,171,Paid
1039,149,9/24/2025,159,Paid
1040,250,,213,Not Paid
1041,251,,271,Not Paid
1042,252,,157,Not Paid
1043,253,,258,Not Paid
1044,254,7/5/2026,239,Paid
1045,255,,101,Not Paid
1046,256,8/6/2026,336,Paid
1047,257,,191,Not Paid
1048,258,,120,Not Paid
1049,259,10/1/2026,85,Paid
1050,260,,280,Not Paid
1051,261,,311,Not Paid
1052,262,5/21/2024,240,Paid
1053,263,,287,Not Paid
1054,264,,235,Not Paid
1055,265,9/16/2024,84,Paid
1056,266,9/23/2024,340,Paid
1057,267,3/16/2025,181,Paid
1058,268,,255,Not Paid
1059,269,,303,Not Paid
1060,270,,338,Not Paid
1061,271,,345,Not Paid
1062,272,1/25/2026,232,Paid
1063,273,,93,Not Paid
1064,274,,144,Not Paid
1065,275,3/29/2026,359,Paid
1066,276,4/10/2026,203,Paid
1067,277,4/25/2026,287,Paid
1068,278,5/4/2026,386,Paid
1069,279,5/26/2026,347,Paid
1070,280,,154,Not Paid
1071,281,9/12/2026,385,Paid
1072,282,,136,Not Paid
1073,283,,288,Not Paid
1074,284,,293,Not Paid
1075,285,,162,Not Paid
1076,286,3/9/2024,204,Paid
1077,287,6/5/2024,218,Paid
1078,288,,387,Not Paid
1079,289,,94,Not Paid
1080,290,12/6/2024,352,Paid
1081,291,,92,Not Paid
1082,292,,178,Not Paid
1083,293,5/10/2025,154,Paid
1084,294,5/11/2025,244,Paid
1085,295,9/27/2025,108,Paid
1086,296,,195,Not Paid
1087,297,,195,Not Paid
1088,298,,180,Not Paid
1089,299,12/5/2025,216,Paid
1090,300,,143,Not Paid
1091,301,,292,Not Paid
1092,302,2/27/2026,115,Paid
1093,303,,154,Not Paid
1094,304,,105,Not Paid
1095,305,9/23/2026,302,Paid
1096,306,,365,Not Paid
1097,307,10/26/2026,276,Paid
1098,308,,116,Not Paid
1099,309,12/3/2026,85,Paid
